question,answer,ground_truth
moisturizer for dry skin,"The products listed are specifically designed for dry skin, making them suitable for the user's needs. The Vitabath Moisturizing Lotion Plus and the Dramatically Different Moisturizing Cream both have perfect ratings of 5.0/5, indicating high customer satisfaction. Additionally, the Helia-D Classic Moisturizer for Dry Skin has a solid rating of 4.1/5, providing a reliable option as well. However, the Vitabath Moisturizing Lotion Plus stands out as the top choice due to its perfect rating.","A good answer should recommend products with words like moisturizer, cream, or lotion labeled for dry skin in the product title."
face serum with vitamin C,"The products listed are all face serums that prominently feature vitamin C, which aligns perfectly with your search for a vitamin C serum. They have varying ratings, with some products like the FACE SERUM. COLLAGEN & VITAMIN.C receiving a perfect score of 5.0/5, indicating high customer satisfaction. Other options, such as SOQU Vitamin C Vital Serum with COQ10 and Ceramide, also have impressive ratings, showcasing their popularity among users.",A good answer should recommend products with serum or vitamin C mentioned in the product title for brightening or skin care.
sunscreen for sensitive skin,"The products listed are specifically designed for sensitive skin, as indicated by their focus on natural and mineral formulations. The Safe Harbor Natural Suncare Sensitive Lotion Sunscreen, SPF 50, has a moderate rating of 3.1/5, making it a suitable option for those with sensitive skin concerns. Additionally, the Love Sun Body 100% Natural Mineral Sunscreen SPF 50 Fragrance-Free, rated 3.4/5, is also tailored for sensitive skin due to its fragrance-free formulation. Overall, these products cater to the user's need for sunscreen that is gentle on sensitive skin.","A good answer should recommend products with sunscreen, SPF, or sun protection mentioned in the product title suitable for sensitive skin."
anti aging cream for wrinkles,"The products listed are specifically designed as anti-aging creams targeting wrinkles, which aligns perfectly with the user's need for an anti-aging solution. Each product name emphasizes its anti-wrinkle capabilities, indicating a focus on reducing the appearance of fine lines and promoting a more youthful look. Among these options, the 'Collagen Anti Aging Retinol Cream' stands out with a rating of 3.7/5, suggesting a higher level of customer satisfaction compared to the others.","A good answer should recommend products with anti aging, wrinkle, or retinol mentioned in the product title targeting signs of aging."
gentle cleanser for oily skin,"The products listed are specifically designed for oily skin, making them suitable for the user's needs. The Pre-Req Purifying Facial Cleanser and the Nutracine Gentle Hydrating Facial Clarifying Cleanser both emphasize their effectiveness for oily skin types, with ratings of 4.1/5 and 4.7/5 respectively. Additionally, the MONAT Be Gentle Creamy Cleanser and Modere Cleanser are also tailored for combination skin, which can include oily skin concerns. Among these, the Nutracine Gentle Hydrating Facial Clarifying Cleanser stands out with the highest rating of 4.7/5, indicating strong user satisfaction.","A good answer should recommend products with cleanser, wash, or foaming mentioned in the product title suitable for oily skin."
eye cream for dark circles,"The products listed are specifically designed to address dark circles, which is the user's primary concern. The 'Dark Circles Eye Cream' and 'Eye Cream Moisturizer for Dark Circles, Fine Lines, Puffiness and Wrinkles' both have a solid rating of 4.0/5, indicating customer satisfaction. Additionally, the 'Collagen Eye Gel' also has a 4.0/5 rating and focuses on reducing dark circles, making it a strong contender. Overall, these options are tailored to help with dark circles, making them suitable for the user's needs.","A good answer should recommend products with eye cream, under eye, or dark circle mentioned in the product title targeting the eye area."
face mask for acne prone skin,"The products listed are specifically designed for acne-prone skin, with several focusing on blemish fighting and pore reduction. The WIS Acne Skin Pleiotropic Conditioning Face Mask has a high rating of 4.4/5, indicating strong user satisfaction for acne scar removal and treatment. Additionally, the Atmos Skin Deep Cleansing Mask, rated 3.5/5, targets blackheads and whiteheads, which are common concerns for those with acne-prone skin. These options cater directly to the user's needs for effective acne treatment.","A good answer should recommend products with mask, clay, or acne mentioned in the product title targeting acne or pores."
shampoo for curly hair,"The products listed are specifically designed for curly hair, which aligns with the user's needs. The Curly Hair Shampoo and Conditioner Set and the Vicious Curl Non-Foaming Curl Cleanse both emphasize their suitability for curly hair, while the Just For Me Curl Peace Ultimate Detangling Shampoo is also tailored for curls. Among these options, the ratings suggest varying levels of customer satisfaction, making it important to choose wisely.",A good answer should recommend products with shampoo mentioned in the product title suitable for curly or wavy hair.
hair mask for damaged bleached hair,"The products listed are specifically designed for damaged and bleached hair, making them suitable for the user's needs. The 'Purple Hair Mask for Blonde' is tailored for bleached and highlighted hair, which is ideal for addressing brassiness. Additionally, the 'Hairgurt Smoothing Deep Conditioner' has a higher rating of 4.2/5, indicating better user satisfaction. Other options also cater to dry and damaged hair, but the focus on blonde hair in the top pick makes it particularly relevant.","A good answer should recommend products with hair mask, treatment, or conditioner mentioned in the product title for damaged or bleached hair."
volumizing shampoo for fine hair,"The products listed are specifically designed for fine or flat hair, making them suitable for the user's needs. The Garnier Fructis Volume Extend Shampoo for Fine or Flat Hair has received a perfect rating of 5.0/5, indicating strong customer satisfaction. Additionally, the Biotique Bio Walnut Bark Volumizing Shampoo has a decent rating of 3.6/5, suggesting it may also be a viable option. However, the Garnier Fructis product stands out due to its higher rating and focus on volumizing fine hair.",A good answer should recommend products with shampoo or volumizing mentioned in the product title suitable for fine or thin hair.
natural conditioner for frizzy hair,"The products listed are specifically designed for frizzy hair, with several options rated highly by users. The Garnier Fructis Triple Nutrition Conditioner and Hairgurt Smoothing Deep Conditioner both have solid ratings of 4.2/5, indicating customer satisfaction. Additionally, the Infusing Deep De-Frizz Conditioner and Scenic Route Hair Treatment both boast perfect ratings of 5.0/5, suggesting they are highly effective for managing frizz. Among these, the Infusing Deep De-Frizz Conditioner stands out as the top pick due to its perfect rating, indicating exceptional performance in addressing frizz.",A good answer should recommend products with conditioner mentioned in the product title targeting frizzy or dry hair.
scalp treatment for dandruff,"The products listed are specifically designed to address dandruff and scalp issues, making them suitable for the user's needs. The Aveda Scalp Remedy Anti Dandruff Solution has the highest rating of 5.0/5, indicating strong customer satisfaction. Additionally, the Design Essentials Anti-itch + Scalp Treatment also boasts a perfect rating of 5.0/5, suggesting it is highly effective for scalp treatment. Other options like the Dove Dermacare Scalp Anti-Dandruff Conditioner also provide relief with a solid rating of 4.5/5.","A good answer should recommend products with scalp, dandruff, or treatment mentioned in the product title targeting scalp issues."
hair growth serum for thinning hair,"The products listed are specifically designed for hair growth and address issues related to thinning hair. For instance, the 'Hair Growth Serum for Women and Men' has a high rating of 4.7/5, indicating strong customer satisfaction. Additionally, the 'Women Men Hair Growth Essential Oil' and 'Good Lab Blooming and Thickening Serum' also focus on hair growth and have respectable ratings of 3.9/5 and 4.0/5, respectively. These options cater to both men and women, making them versatile choices for anyone experiencing hair thinning.","A good answer should recommend products with hair growth, serum, or thinning mentioned in the product title targeting hair loss."
long lasting foundation for oily skin,"The Revlon Colorstay Pump Liquid Foundation Combination/Oily, rated 4.6/5, is specifically designed for combination and oily skin, making it a strong contender for long-lasting wear. Additionally, the Revlon Colorstay Makeup Combination/Oily Skin, rated 4.4/5, also targets oily skin and offers a reliable option. The Powder Foundation by Revlon, with a high rating of 4.7/5, provides a long-wearing solution that is oil-free, which is ideal for oily skin types. Overall, these products are tailored to meet the needs of users with oily skin looking for long-lasting foundations.",A good answer should recommend products with foundation mentioned in the product title suitable for oily or combination skin.
waterproof mascara for sensitive eyes,"The products listed are specifically designed for sensitive eyes, with options like the 'Sensitive Mascara for Sensitive Eyes' rated 3.2/5 and the 'Mirenesse Mini Secret Weapon Organic 24hr Mascara' rated 3.6/5, both indicating a focus on gentleness. Additionally, the 'Waterproof Mascara for Longer, Curler and Voluminous Eyelashes' has a solid rating of 4.0/5, suggesting it may be effective while still catering to sensitive users. These options provide a range of waterproof choices that align with the user's needs for sensitivity and performance.",A good answer should recommend products with mascara or waterproof mentioned in the product title suitable for sensitive eyes.
natural lip balm for chapped lips,"The products listed are all designed to address chapped lips, which aligns with the user's need for a natural lip balm. The HoneyBelle Kissable Lips Lip Balm stands out with a perfect rating of 5.0/5, indicating strong customer satisfaction. Additionally, the Himalaya Intensive Moisturizing Cocoa Butter Lip Balm has a solid rating of 4.2/5 and comes in a convenient 4-pack, making it a great option for those needing multiple balms. Other options like Simply Be Well Organic and Bee Natural also have good ratings, but none match the top rating of HoneyBelle.","A good answer should recommend products with lip balm, chapstick, or lip care mentioned in the product title for dry or chapped lips."
setting powder for oily skin,"The products listed are specifically designed for setting makeup, which is essential for oily skin. The 'Loose Face Powder Long Lasting and Waterproof Oil Control Moisturizing Setting Powder Makeup' has two variations with ratings of 3.9/5 and 3.7/5, indicating decent performance in oil control. Additionally, the 'Highlight Powder Loose Natural Looking Translucent Face Finishing Powder' has a perfect rating of 5.0/5, suggesting it is highly effective for setting makeup. These options cater to the user's need for a setting powder that can manage oiliness throughout the day.","A good answer should recommend products with powder, setting, or finishing mentioned in the product title for oily skin."
natural deodorant without aluminum,"The products listed are all natural deodorants that explicitly state they are aluminum-free, which aligns with the user's request for a natural deodorant without aluminum. Among these options, the Native Deodorant has the highest rating of 4.7/5, indicating a strong level of customer satisfaction. Other options, such as the unscented varieties, also cater to different preferences but do not match the high rating of the Native Deodorant. Therefore, these products collectively meet the user's needs for a natural, aluminum-free deodorant.",A good answer should recommend products with deodorant or aluminum free mentioned in the product title using natural ingredients.
body lotion with shea butter,"The products listed all contain shea butter, which aligns perfectly with your search for a body lotion featuring this ingredient. Among them, the Phytorelax Laboratories Shea Butter Body Lotion has the highest rating of 5.0/5, indicating strong customer satisfaction. Additionally, the Farmhouse Shea Butter Lotion Lavender and Bath & Body Works Shea & Vitamin E Lotion also have high ratings, making them solid options as well. However, the Phytorelax product stands out due to its perfect rating.","A good answer should recommend products with lotion, body cream, or shea butter mentioned in the product title for moisturizing the body."
perfume with floral scent for women,"The products listed are all perfumes designed for women, with a focus on floral scents. For instance, Floranirvana Pink Bomb Eau de Parfum Spray for Women has a solid rating of 4.2/5, indicating a favorable reception among users. Additionally, PARIS ELYSEES La Petite Fleur Secrète Perfume for Women has a higher rating of 4.4/5, suggesting it is well-liked and may offer a delightful floral experience. These options align well with your search for a floral scent.","A good answer should recommend products with perfume, fragrance, or floral mentioned in the product title for women."
